,id_visitor,SessionLength,NumSessions,MeanSessionLength,SearchesPerSession,MessagesPerSearch,RequestsPerSearch,requestsentbinary,messagesentbinary,searchbinary
0,0331fa39-455f-4f47-9db2-18ce37ee90e4,14703.0,22,0 days 00:11:08.318181818,0.318181818182,0.0,0.0,0,0,1
1,04862ee0-26d8-4f8b-a69d-9a5821d08021,3297.0,23,0 days 00:02:23.347826086,0.217391304348,0.2,0.0,0,1,1
2,04b8e876-3afc-41cf-aff9-50b64b4e2ae3,32034.0,45,0 days 00:11:51.866666666,0.4,0.722222222222,0.166666666667,1,1,1
3,060a3cd7-a494-4b49-8551-c22c8caacbd7,16125.0,25,0 days 00:10:45.000000000,0.16,2.25,0.25,1,1,1
4,06984869-ca80-40f2-b9ed-09676d178a80,17503.0,35,0 days 00:08:20.085714285,0.142857142857,1.6,0.0,0,1,1
5,07eac4b7-4750-4b5d-b28a-fda177e63639,3762.0,2,0 days 00:31:21.000000000,0.5,1.0,0.0,0,1,1
6,0a02ba2f-e7dc-4242-bde2-def3ea2a59b0,49791.0,85,0 days 00:09:45.776470588,0.305882352941,0.307692307692,0.153846153846,1,1,1
7,0a0c565a-f147-4fa6-955b-ef80374b3dbc,7714.0,13,0 days 00:09:53.384615384,0.0,inf,inf,1,1,0
8,0efe4fb3877e9ff12a05fa4ffe1a9531ff5143ea,7295.0,3,0 days 00:40:31.666666666,0.0,,,0,0,0
9,102add08a1cbe9a8e31231911b6520987aac100b,65.0,1,0 days 00:01:05.000000000,0.0,,,0,0,0
10,11471155-e21a-4b7a-ba2a-ade4bc631a7f,13183.0,25,0 days 00:08:47.320000000,0.12,3.33333333333,0.333333333333,1,1,1
11,1371175144_wwCCVYK9BT4Z5mCp,1435.0,5,0 days 00:04:47.000000000,0.2,0.0,0.0,0,0,1
12,1379147694_YnPRK5kZgEyoimpq,1600.0,3,0 days 00:08:53.333333333,0.333333333333,0.0,0.0,0,0,1
13,1384756536_VtJGMxb6jj/Z5Yrl,500.0,2,0 days 00:04:10.000000000,0.0,,,0,0,0
14,1385529313_X3mFkF+I5m3xa82J,4.0,1,0 days 00:00:04.000000000,0.0,,,0,0,0
15,1387877243_s8/QmUxw28xqrUKs,183.0,1,0 days 00:03:03.000000000,1.0,0.0,0.0,0,0,1
16,1391841583_VgYEDM/F0Wb8uCFC,3373.0,18,0 days 00:03:07.388888888,0.0,,,0,0,0
17,1392950902_uFXwwQ++pXXl9VTd,1074.0,2,0 days 00:08:57.000000000,1.0,0.0,0.0,0,0,1
18,1394319268_NUrIMT78ijJfpnPW,104.0,1,0 days 00:01:44.000000000,0.0,,,0,0,0
19,1394876077_1kvNhvYwFx5mO/ju,4748.0,9,0 days 00:08:47.555555555,0.777777777778,0.0,0.0,0,0,1
20,1394916311_bVrUShme5Ph/rIv9,470.0,1,0 days 00:07:50.000000000,0.0,,,0,0,0
21,1395543835_I1SHGem4BQQmyRlD,1482.0,2,0 days 00:12:21.000000000,1.0,0.0,0.0,0,0,1
22,1396818465_3A6tSa6kwevlhGJ5,168.0,1,0 days 00:02:48.000000000,0.0,,,0,0,0
23,1397542737_tLarsEyYpWonsVi9,1830.0,5,0 days 00:06:06.000000000,0.4,0.0,0.0,0,0,1
24,1398159643_YC6+CxqTvx9xCOhJ,7564.0,6,0 days 00:21:00.666666666,0.833333333333,0.0,0.0,0,0,1
25,1398578493_19OLeFDlbjoKFABc,46.0,5,0 days 00:00:09.200000000,0.0,,,0,0,0
26,1398658204_YiyxsJiHF1NeZH4B,16.0,2,0 days 00:00:08.000000000,0.0,,,0,0,0
27,1399096437_87FFE3/t2sd346iM,1289.0,6,0 days 00:03:34.833333333,0.0,,,0,0,0
28,1400407570_Jb45iQe/2yGSc6My,172.0,1,0 days 00:02:52.000000000,1.0,0.0,0.0,0,0,1
29,1400714052_8FcrLB4WJmk84/iq,198.0,1,0 days 00:03:18.000000000,0.0,,,0,0,0
30,1400819463_plZOSWyKx74R/owT,0.0,1,0 days 00:00:00.000000000,1.0,0.0,0.0,0,0,1
31,1400917768_950x8jytEikdB3RG,1533.0,5,0 days 00:05:06.600000000,0.0,,,0,0,0
32,1400994163_muF8gP9hbVwS9wLo,29.0,1,0 days 00:00:29.000000000,0.0,,,0,0,0
33,1401244881_h2/Az530Ky3F+1E/,222.0,3,0 days 00:01:14.000000000,0.0,,,0,0,0
34,1401339153_7JAZGVeyWNwujJzY,220.0,3,0 days 00:01:13.333333333,0.333333333333,0.0,0.0,0,0,1
35,1401611246_/nQNAbOdclVx/2NX,0.0,1,0 days 00:00:00.000000000,0.0,,,0,0,0
36,1401691402_3cn5E0P7aGbOdLGv,651.0,3,0 days 00:03:37.000000000,0.666666666667,0.0,0.0,0,0,1
37,1401709213_RMGFYUfOraH4Yt43,0.0,1,0 days 00:00:00.000000000,0.0,,,0,0,0
38,1401714003_4w6nEgTDqZZrVhvP,0.0,1,0 days 00:00:00.000000000,0.0,,,0,0,0
39,1401838398_mPLNpepTq0YbjVNO,0.0,1,0 days 00:00:00.000000000,0.0,,,0,0,0
40,1401843834_CM4f0/ByxYpJIqHf,0.0,1,0 days 00:00:00.000000000,0.0,,,0,0,0
41,1401878466_VrBEpjsKRVqJHM6R,1582.0,4,0 days 00:06:35.500000000,0.0,,,0,0,0
42,1401886047_X0gs+onCh0croP6x,115.0,2,0 days 00:00:57.500000000,0.0,,,0,0,0
43,1402000477_ckiwtg7DECyAlO+R,0.0,1,0 days 00:00:00.000000000,0.0,,,0,0,0
44,1402016351_khtM61N54ieA84eE,31.0,1,0 days 00:00:31.000000000,0.0,,,0,0,0
45,1402053959_uU279dq8Urt0Igu2,4976.0,15,0 days 00:05:31.733333333,0.266666666667,0.0,0.0,0,0,1
46,1402078138_9rkW9462VjeRz0lh,0.0,1,0 days 00:00:00.000000000,0.0,,,0,0,0
47,1402128624_45Eg6vevvwg1jDAo,78.0,1,0 days 00:01:18.000000000,0.0,,,0,0,0
48,1402292065_+neqBiVuLlF8nQXc,1132.0,4,0 days 00:04:43.000000000,0.0,,,0,0,0
49,1402299987_ryA1NRUMjnFWFJCR,0.0,1,0 days 00:00:00.000000000,0.0,,,0,0,0
50,1402317918_n03ux+V5QbO4FCqU,225.0,2,0 days 00:01:52.500000000,0.0,,,0,0,0
51,1402487121_SCp5BKziAa2OieO2,1.0,1,0 days 00:00:01.000000000,0.0,,,0,0,0
52,1402561744_h9D/vQ8fFCB3mtW/,3.0,2,0 days 00:00:01.500000000,0.0,,,0,0,0
53,1402691314_Gbt2yDmx37IFECTM,5536.0,11,0 days 00:08:23.272727272,0.545454545455,0.0,0.0,0,0,1
54,1402793942_9XP2IgDBfyBdM1Va,928.0,1,0 days 00:15:28.000000000,0.0,,,0,0,0
55,1402887608_qG048ODBPd4BWAwo,0.0,1,0 days 00:00:00.000000000,1.0,0.0,0.0,0,0,1
56,1403061233_L4DxhbY6Hc1+Z2X9,0.0,1,0 days 00:00:00.000000000,0.0,,,0,0,0
57,1403068291_GqYOtOfZF1a4rBX4,0.0,1,0 days 00:00:00.000000000,0.0,,,0,0,0
58,1403167384_BQm8g7123qvk5Ttm,0.0,1,0 days 00:00:00.000000000,0.0,,,0,0,0
59,1403223542_zZLbF/uGYG0oIoFR,143.0,1,0 days 00:02:23.000000000,1.0,0.0,0.0,0,0,1
60,1403331959_x6TI1Bq3n2jItLsM,0.0,1,0 days 00:00:00.000000000,0.0,,,0,0,0
61,1403424499_IBfGHcPfkNzIOwSO,267.0,1,0 days 00:04:27.000000000,1.0,0.0,0.0,0,0,1
62,1403490748_V+EGQuaRX/e5BQmT,0.0,1,0 days 00:00:00.000000000,0.0,,,0,0,0
63,1403527412_Y0kjb3UqjNKhy4MA,0.0,1,0 days 00:00:00.000000000,0.0,,,0,0,0
64,1403605794_JK+uYfOYrAxTjard,0.0,1,0 days 00:00:00.000000000,0.0,,,0,0,0
65,1403758970_kic9AZ+g8f21Taqq,0.0,1,0 days 00:00:00.000000000,0.0,,,0,0,0
66,1403864481_FEcGK2wQoojx/o6r,12.0,2,0 days 00:00:06.000000000,0.0,,,0,0,0
67,1403864808_G0uvFBvlyCGonS0v,313.0,3,0 days 00:01:44.333333333,0.333333333333,0.0,0.0,0,0,1
68,1404045563_+vd0d6vjXi6gXWvm,0.0,1,0 days 00:00:00.000000000,0.0,,,0,0,0
69,1404163885_oAFxvb+vpzXVihBX,0.0,1,0 days 00:00:00.000000000,0.0,,,0,0,0
70,1404198250_iLcYxrInG1QLNrCG,0.0,1,0 days 00:00:00.000000000,0.0,,,0,0,0
71,1404212904_vuxqykoEBQObs18G,135.0,2,0 days 00:01:07.500000000,0.0,,,0,0,0
72,1404271074_H6lpUm5Ar6Q/cJKF,1000.0,1,0 days 00:16:40.000000000,1.0,0.0,0.0,0,0,1
73,1404343529_mkQHKWvPCWrFV/xL,732.0,2,0 days 00:06:06.000000000,0.0,,,0,0,0
74,1404344351_uEITatOITsn5wKEC,0.0,1,0 days 00:00:00.000000000,0.0,,,0,0,0
75,1404349115_fZ2L+D32EeyBTk9R,22.0,3,0 days 00:00:07.333333333,0.0,,,0,0,0
76,1404359501_b/Bl8j95OgEwLJDi,0.0,1,0 days 00:00:00.000000000,0.0,,,0,0,0
77,1404453910_ntWJbTsm4DgL2HLG,3006.0,12,0 days 00:04:10.500000000,0.0,,,0,0,0
78,1404510839_SKL2DCv+McWwb7hK,3.0,1,0 days 00:00:03.000000000,0.0,,,0,0,0
79,1404701356_Owk134FbxIM+9X8z,851.0,7,0 days 00:02:01.571428571,0.142857142857,0.0,0.0,0,0,1
80,1404775912_7nBt+M2Az3Ck+WFD,287.0,1,0 days 00:04:47.000000000,0.0,,,0,0,0
81,1404779002_ufpBjgW9J2obs9jG,0.0,1,0 days 00:00:00.000000000,0.0,,,0,0,0
82,1404800427_OwaTmBSPHZzIYplI,178.0,1,0 days 00:02:58.000000000,1.0,0.0,0.0,0,0,1
83,1404859694_criHkZ7clWww6ZCa,1438.0,3,0 days 00:07:59.333333333,1.0,0.0,0.0,0,0,1
84,1404883732_lsXNfT9yIR1yin+x,3200.0,5,0 days 00:10:40.000000000,0.6,0.0,0.0,0,0,1
85,1404902842_8jggaQ8VuVz1Mu+D,0.0,1,0 days 00:00:00.000000000,0.0,,,0,0,0
86,1404921988_sc/CKto1ILXvHgxb,6311.0,1,0 days 01:45:11.000000000,0.0,,,0,0,0
87,1405038293_SAH7oynKHMeeQNAK,0.0,1,0 days 00:00:00.000000000,0.0,,,0,0,0
88,1405040552_7X6aqe74OEgnTnhD,86.0,1,0 days 00:01:26.000000000,1.0,0.0,0.0,0,0,1
89,1405076277_fSBZ3dpEWWClDpVn,918.0,2,0 days 00:07:39.000000000,1.0,0.0,0.0,0,0,1
90,1405127344_anD56ZOm5G6Dmao5,0.0,1,0 days 00:00:00.000000000,0.0,,,0,0,0
91,1405167446_tJfxXmOwoo8oOGPd,519.0,2,0 days 00:04:19.500000000,0.0,,,0,0,0
92,1405290294_+qycdHPIIYPe3HMA,0.0,1,0 days 00:00:00.000000000,0.0,,,0,0,0
93,1405300807_fRoAA8sW/+wlm+ua,1051.0,4,0 days 00:04:22.750000000,1.0,0.0,0.0,0,0,1
94,1405316720_bXXl0s5s8QMub0k2,123.0,1,0 days 00:02:03.000000000,0.0,,,0,0,0
95,1405329195_NYhR8zZuP8LeeByj,1.0,1,0 days 00:00:01.000000000,0.0,,,0,0,0
96,1405337281_CZi9VEZiq6orkiw1,3.0,1,0 days 00:00:03.000000000,0.0,,,0,0,0
97,1405337496_SIX/lBRgGOMx6S6X,13.0,2,0 days 00:00:06.500000000,0.0,,,0,0,0
98,1405482898_RXqvVfrzmRPAimjX,145.0,2,0 days 00:01:12.500000000,1.0,0.0,0.0,0,0,1
99,1405491142_zPDUYAK/h3x8hNxV,0.0,1,0 days 00:00:00.000000000,0.0,,,0,0,0
100,1405500622_CavXo0KugyKDi96r,727.0,1,0 days 00:12:07.000000000,0.0,,,0,0,0
101,1405553660_j0r15Li2xeqO18eL,468.0,1,0 days 00:07:48.000000000,0.0,,,0,0,0
102,1405634788_u3OB7x3GMdR0XaSK,0.0,2,0 days 00:00:00.000000000,0.0,,,0,0,0
103,1405646035_yHuyPURgUxxyKjmC,245.0,1,0 days 00:04:05.000000000,0.0,,,0,0,0
104,1405665490_QRtQVPDxbfNnP6/i,14.0,4,0 days 00:00:03.500000000,0.0,,,0,0,0
105,1405673714_JWI1UInj04ie+6mb,3.0,1,0 days 00:00:03.000000000,0.0,,,0,0,0
106,1405721841_d3AZsZBMOrcMrOUR,3.0,1,0 days 00:00:03.000000000,0.0,,,0,0,0
107,1405722627_Ox1yvvBW40DQZSWa,9.0,1,0 days 00:00:09.000000000,0.0,,,0,0,0
108,1405729519_OYopjfl9/QLksX+o,737.0,8,0 days 00:01:32.125000000,0.0,,,0,0,0
109,1405861580_uzLq97V/aAVqEV6j,7.0,2,0 days 00:00:03.500000000,0.0,,,0,0,0
110,1405894366_YCfbvFDBZ49Mw0Tn,2.0,1,0 days 00:00:02.000000000,0.0,,,0,0,0
111,1405920890_NoB6pDiz8aQhu+ep,1421.0,1,0 days 00:23:41.000000000,1.0,0.0,0.0,0,0,1
112,1405947268_Qbc6YwOF8rrOvN6+,0.0,1,0 days 00:00:00.000000000,0.0,,,0,0,0
113,1405998911_h/JABQ9Og0dJrXhC,0.0,1,0 days 00:00:00.000000000,1.0,0.0,0.0,0,0,1
114,1405999926_1a2r+oQFZY+0T676,6517.0,4,0 days 00:27:09.250000000,1.0,0.0,0.0,0,0,1
115,1406106373_d7T5yxjAgannZSoI,0.0,1,0 days 00:00:00.000000000,0.0,,,0,0,0
116,1406190425_mjt4lm6/sLI8vF8v,0.0,1,0 days 00:00:00.000000000,0.0,,,0,0,0
117,1406201571_S81/ABrTixsNkHvZ,0.0,1,0 days 00:00:00.000000000,0.0,,,0,0,0
118,1406230177_R4Lug39oRa5mAi8U,2.0,1,0 days 00:00:02.000000000,0.0,,,0,0,0
119,1406330037_W7Ji/0h16ck5GY9f,27.0,2,0 days 00:00:13.500000000,0.0,,,0,0,0
120,1406350551_dzpszQkgBuwOdtJz,0.0,1,0 days 00:00:00.000000000,0.0,,,0,0,0
121,1406369589_+Q60xsJY1EgZKpb2,0.0,1,0 days 00:00:00.000000000,1.0,0.0,0.0,0,0,1
122,1406372116_JFu2RnEUGBsSARvf,0.0,1,0 days 00:00:00.000000000,0.0,,,0,0,0
123,1406375129_p1yTWMraK5+7x1jU,555.0,1,0 days 00:09:15.000000000,0.0,,,0,0,0
124,1406443561_qwJmnDvUnhZCTuVI,3.0,1,0 days 00:00:03.000000000,0.0,,,0,0,0
125,1406453849_FjN3kzfmaHMB2LX9,0.0,1,0 days 00:00:00.000000000,0.0,,,0,0,0
126,1406454692_gvMb8/GC8x0fvOCZ,1.0,1,0 days 00:00:01.000000000,0.0,,,0,0,0
127,1406617111_18xt1Z3Lbvx2TY0X,0.0,1,0 days 00:00:00.000000000,0.0,,,0,0,0
128,1406678637_c/gYnN2STsgeQJis,8.0,4,0 days 00:00:02.000000000,0.0,,,0,0,0
129,1406954031_LBMBWE5n2hEobY4I,0.0,1,0 days 00:00:00.000000000,0.0,,,0,0,0
130,1407061454_4Xo45ntSJJs6w7Hn,0.0,1,0 days 00:00:00.000000000,1.0,0.0,0.0,0,0,1
131,1407143075_60q1Tt6d1cIon7KI,83.0,5,0 days 00:00:16.600000000,0.0,,,0,0,0
132,1407184054_TEzUxMfz0mgbH0WB,32.0,3,0 days 00:00:10.666666666,0.0,,,0,0,0
133,1407291211_LAZ+v0BiIqZL9CVL,407.0,1,0 days 00:06:47.000000000,0.0,,,0,0,0
134,1407363860_umnChNRBMi5ItBNw,0.0,1,0 days 00:00:00.000000000,0.0,,,0,0,0
135,1407486574_9yNZv517Qaa/0Qzt,0.0,1,0 days 00:00:00.000000000,0.0,,,0,0,0
136,1407500350_PXTT3fpWpmRvaNbi,0.0,1,0 days 00:00:00.000000000,0.0,,,0,0,0
137,1407568088_xswQnBDi3RedoDTv,1096.0,1,0 days 00:18:16.000000000,0.0,,,0,0,0
138,1407582283_uuqskiPYA0tNwCP5,186.0,2,0 days 00:01:33.000000000,0.5,0.0,0.0,0,0,1
139,1407645946_A71vauhx0d9bR9rL,0.0,1,0 days 00:00:00.000000000,0.0,,,0,0,0
140,1407667293_ttet1A9ZMjgvqKmS,0.0,1,0 days 00:00:00.000000000,0.0,,,0,0,0
141,1407674089_SkPBZQEDbbMWHon3,5.0,1,0 days 00:00:05.000000000,0.0,,,0,0,0
142,1407674628_W0fYeZZDJvFSeZvt,0.0,1,0 days 00:00:00.000000000,0.0,,,0,0,0
143,1407753109_faQRcrMM6PvPYfHr,0.0,1,0 days 00:00:00.000000000,0.0,,,0,0,0
144,1407970802_cpva4tmMFgLr36J/,919.0,4,0 days 00:03:49.750000000,0.0,,,0,0,0
145,1407999026_DxNysfPEtahz+hXB,139.0,1,0 days 00:02:19.000000000,0.0,,,0,0,0
146,1408013760_UJm4JyUMFfsML6RU,0.0,1,0 days 00:00:00.000000000,0.0,,,0,0,0
147,1408098132_ogch+cyHqeiewckw,292.0,1,0 days 00:04:52.000000000,0.0,,,0,0,0
148,1408161803_HyzN2evhUdWcEXLE,0.0,1,0 days 00:00:00.000000000,0.0,,,0,0,0
149,1408194109_naAeuAKesenz+T3n,0.0,1,0 days 00:00:00.000000000,0.0,,,0,0,0
150,1408326736_eJTCFmhFE201gB81,201.0,2,0 days 00:01:40.500000000,0.0,,,0,0,0
151,1408347490_TuMviy5GzGfFCDr+,0.0,1,0 days 00:00:00.000000000,0.0,,,0,0,0
152,1408401761_KlZrpF2f1QbrYQsT,0.0,1,0 days 00:00:00.000000000,0.0,,,0,0,0
153,1408445628_wHz+I+Zwxc+y95S1,0.0,1,0 days 00:00:00.000000000,0.0,,,0,0,0
154,1408450092_vmH/lXV+OwYF8iq4,319.0,1,0 days 00:05:19.000000000,1.0,0.0,0.0,0,0,1
155,1408515703_HXHL/XI9WB6TeXdG,0.0,1,0 days 00:00:00.000000000,0.0,,,0,0,0
156,1408520724_AZO+q88eXp21HmNl,0.0,1,0 days 00:00:00.000000000,0.0,,,0,0,0
157,1408527976_6W1qQuVqoPVvod6z,467.0,8,0 days 00:00:58.375000000,0.0,,,0,0,0
158,1408571958_eKrS05yEK7X8e/lm,162.0,1,0 days 00:02:42.000000000,0.0,,,0,0,0
159,1408598295_8nw9yJvSm2RwO57D,31.0,1,0 days 00:00:31.000000000,0.0,,,0,0,0
160,1408607505_2cAKsvYApgrlarRR,438.0,1,0 days 00:07:18.000000000,0.0,,,0,0,0
161,1408679750_7bRDzqYL37GnDutS,45.0,2,0 days 00:00:22.500000000,0.0,,,0,0,0
162,1408684122_flD6XZLyiwOKkNn4,2547.0,2,0 days 00:21:13.500000000,0.0,,,0,0,0
163,1408923825_GNVUQM1vr73cNH6y,156.0,1,0 days 00:02:36.000000000,0.0,,,0,0,0
164,1408935156_FYPpGo6zJrE3sdHr,7708.0,3,0 days 00:42:49.333333333,1.0,0.0,0.0,0,0,1
165,1409112645_cNRL21RTaa4yRYnu,0.0,1,0 days 00:00:00.000000000,0.0,,,0,0,0
166,1409179280_YqAoXnTPTXII7VHt,0.0,1,0 days 00:00:00.000000000,0.0,,,0,0,0
167,1409205306_vbGuCK+fN0uzAP5G,0.0,1,0 days 00:00:00.000000000,0.0,,,0,0,0
168,1409225842_O5Bx9qAhtoviB1xt,251.0,7,0 days 00:00:35.857142857,0.0,,,0,0,0
169,1409381617_m/mx4h54t2GFUyRS,0.0,1,0 days 00:00:00.000000000,1.0,0.0,0.0,0,0,1
170,1409478554_sVWCStCC2H8RfOGB,827.0,6,0 days 00:02:17.833333333,0.0,,,0,0,0
171,1409483050_zBjVK0gc0bNGtyhB,0.0,1,0 days 00:00:00.000000000,0.0,,,0,0,0
172,1409557713_JEuyJaPC3EGLBat/,840.0,4,0 days 00:03:30.000000000,0.25,0.0,0.0,0,0,1
173,1409559577_U0iSKjUpNfTdZwXD,45.0,1,0 days 00:00:45.000000000,0.0,,,0,0,0
174,1409574351_teGXt7f5tGFFLgmR,0.0,1,0 days 00:00:00.000000000,0.0,,,0,0,0
175,1409613683_fV002YtKV4pEUleQ,18.0,1,0 days 00:00:18.000000000,0.0,,,0,0,0
176,1409666573_tTR1hd5ybC+vkGix,1174.0,1,0 days 00:19:34.000000000,1.0,0.0,0.0,0,0,1
177,1409701208_ksMyMxCCwc+06tK5,5.0,1,0 days 00:00:05.000000000,0.0,,,0,0,0
178,1409804788_Hz16JPjKjh7Y7Ump,1634.0,1,0 days 00:27:14.000000000,1.0,0.0,0.0,0,0,1
179,1409865230_g+tIHFiS9Ywq7S28,80.0,1,0 days 00:01:20.000000000,1.0,0.0,0.0,0,0,1
180,1409893518_2P5fdXQp98UVvX0P,0.0,1,0 days 00:00:00.000000000,0.0,,,0,0,0
181,1409894271_x3w/+J3bjS9Ek5GD,0.0,1,0 days 00:00:00.000000000,0.0,,,0,0,0
182,1409909024_oOYXO1+wNl7IqtU3,2154.0,3,0 days 00:11:58.000000000,0.333333333333,0.0,0.0,0,0,1
183,1409935968_gnyLlUgsDf5JpjPr,406.0,4,0 days 00:01:41.500000000,0.0,,,0,0,0
184,1409985713_x0L3zC65Gl/KrZDG,9.0,48,0 days 00:00:00.187500000,0.0,,,0,0,0
185,1410065515_KHzhrUMZ2SKkxL2u,63.0,4,0 days 00:00:15.750000000,0.0,,,0,0,0
186,1410168578_KWfAFg2Ku7QAEvZy,53.0,1,0 days 00:00:53.000000000,0.0,,,0,0,0
187,1410169551_KGOL/pS9bG7R33uO,2628.0,4,0 days 00:10:57.000000000,0.25,0.0,0.0,0,0,1
188,1410175752_nsJOCR1gBxExzJMQ,7.0,1,0 days 00:00:07.000000000,0.0,,,0,0,0
189,1410230880_6ZQmn994x9crIgkx,61.0,1,0 days 00:01:01.000000000,0.0,,,0,0,0
190,1410334893_aZ4X5ffGgvogkLLN,353.0,1,0 days 00:05:53.000000000,1.0,0.0,0.0,0,0,1
191,1410389611_Sozn5p6RLs2zNsQy,2.0,1,0 days 00:00:02.000000000,0.0,,,0,0,0
192,1410435308_BukCAqBzJAFPtglX,1219.0,1,0 days 00:20:19.000000000,0.0,,,0,0,0
193,1410567231_bUrJzOmKeQpeo6ll,2721.0,6,0 days 00:07:33.500000000,0.333333333333,0.0,0.0,0,0,1
194,1410581026_WMNRoGzlU8R8IEqK,1.0,1,0 days 00:00:01.000000000,0.0,,,0,0,0
195,1410614072_Y3A7G0AGft+jALro,0.0,1,0 days 00:00:00.000000000,0.0,,,0,0,0
196,1410643482_kcrKQqsfDpqlfRkK,0.0,2,0 days 00:00:00.000000000,0.0,,,0,0,0
197,1410754782_Qx2mk/N3/b4Wwbsu,2.0,1,0 days 00:00:02.000000000,0.0,,,0,0,0
198,1410766805_PE/DHT4X+l4EcJpD,0.0,1,0 days 00:00:00.000000000,0.0,,,0,0,0
199,1410773730_b8wrjPhC1sOh9LWI,0.0,1,0 days 00:00:00.000000000,0.0,,,0,0,0
200,1410785044_AG0quCuGa5wXQNd2,4.0,2,0 days 00:00:02.000000000,0.0,,,0,0,0
201,1410787362_1s5j2QEzmcl03TAj,323.0,2,0 days 00:02:41.500000000,0.0,,,0,0,0
202,1410865248_Nqsg5G8T5NP77mIo,0.0,1,0 days 00:00:00.000000000,1.0,0.0,0.0,0,0,1
203,1411093337_DKoadIh+Ttx+/QQL,0.0,1,0 days 00:00:00.000000000,0.0,,,0,0,0
204,1411116206_ihWSdGZQGOKlGBG+,2678.0,3,0 days 00:14:52.666666666,1.0,0.0,0.0,0,0,1
205,1411192599_8e7MkJJhC+TI9SJk,0.0,1,0 days 00:00:00.000000000,0.0,,,0,0,0
206,1411195671_5ScKpnEl9GGZI5RD,67.0,1,0 days 00:01:07.000000000,1.0,0.0,0.0,0,0,1
207,1411199257_WxQFdm8ciPb5XGsb,4206.0,6,0 days 00:11:41.000000000,0.333333333333,0.0,0.0,0,0,1
208,1411215658_EuCx1wUPolQp+0kA,466.0,1,0 days 00:07:46.000000000,0.0,,,0,0,0
209,1411260756_0AaW2MLvpQEdlIYI,229.0,2,0 days 00:01:54.500000000,0.0,,,0,0,0
210,1411334175_gXOmy+RLIRRUVXJG,0.0,1,0 days 00:00:00.000000000,0.0,,,0,0,0
211,1411352513_KbsyZLTkmxFDvhV3,0.0,1,0 days 00:00:00.000000000,1.0,0.0,0.0,0,0,1
212,1411442015_PVMdUbyxncGl5mgQ,0.0,1,0 days 00:00:00.000000000,0.0,,,0,0,0
213,1411442412_DHDpB+0Foj3NuwKk,392.0,1,0 days 00:06:32.000000000,1.0,0.0,0.0,0,0,1
214,1411551515_NvQbrpZk+H67RYQD,0.0,1,0 days 00:00:00.000000000,0.0,,,0,0,0
215,1411901907_Jp6Ui6kkK4WJ4n9r,6.0,1,0 days 00:00:06.000000000,0.0,,,0,0,0
216,1411908583_K4VZDE8qmsQp1sDl,723.0,5,0 days 00:02:24.600000000,0.4,0.0,0.0,0,0,1
217,1411957646_U4fmYwwTaqcDqkAc,17.0,2,0 days 00:00:08.500000000,0.0,,,0,0,0
218,1411979623_x7uUylyCR3L2GlD6,0.0,1,0 days 00:00:00.000000000,0.0,,,0,0,0
219,1412022447_BxqLfEDYFVMljaBF,0.0,1,0 days 00:00:00.000000000,0.0,,,0,0,0
220,1412029988_ON16PwfNeWy4upTg,0.0,1,0 days 00:00:00.000000000,0.0,,,0,0,0
221,1412042288_Y/g6Glk2UVMA3Aj2,663.0,1,0 days 00:11:03.000000000,0.0,,,0,0,0
222,1412210041_33PB9Y6b2oM/I1za,659.0,1,0 days 00:10:59.000000000,1.0,0.0,0.0,0,0,1
223,1412257648_rOIODeH1uMhXNZGx,466.0,2,0 days 00:03:53.000000000,0.0,,,0,0,0
224,1412297351_c3GlEDZCQgU1CmGR,59.0,1,0 days 00:00:59.000000000,1.0,0.0,0.0,0,0,1
225,1412315778_3jjRk83Hvd5O9XP+,0.0,1,0 days 00:00:00.000000000,0.0,,,0,0,0
226,1412491086_XoDwhQNMpa8YZ3Ck,0.0,1,0 days 00:00:00.000000000,1.0,0.0,0.0,0,0,1
227,1412560446_tQGM3GRFDIYu6fRR,1.0,1,0 days 00:00:01.000000000,0.0,,,0,0,0
228,1412583161_kuVZE0cXOW5JJc/A,2833.0,2,0 days 00:23:36.500000000,0.5,0.0,0.0,0,0,1
229,1412630063_oImcURfRFB/mqa8n,0.0,1,0 days 00:00:00.000000000,0.0,,,0,0,0
230,1412634043_GCu0eYGCU8D2s4ec,1699.0,1,0 days 00:28:19.000000000,1.0,0.0,0.0,0,0,1
231,1412635654_8v/xx8Z37G0YfZT7,91.0,2,0 days 00:00:45.500000000,0.0,,,0,0,0
232,1412637995_7qjnYmkuFeFsocPQ,0.0,1,0 days 00:00:00.000000000,0.0,,,0,0,0
233,1412643895_1k5BerJTKmIQfcZJ,111.0,1,0 days 00:01:51.000000000,0.0,,,0,0,0
234,1412747993_Cm14kewo7PLxy/bt,457.0,1,0 days 00:07:37.000000000,1.0,0.0,0.0,0,0,1
235,1412749949_+el0SVob/BXRhZan,1.0,2,0 days 00:00:00.500000000,0.0,,,0,0,0
236,1412759194_/+aUaLc9++TSr17B,691.0,3,0 days 00:03:50.333333333,0.666666666667,0.0,0.0,0,0,1
237,1412762830_Jb61dGxnrgGbXXa5,625.0,1,0 days 00:10:25.000000000,1.0,0.0,0.0,0,0,1
238,1413185631_kBIkzac+Unpt9UZG,2712.0,3,0 days 00:15:04.000000000,1.0,0.0,0.0,0,0,1
239,1413245064_xV1Ll+ewFGPhavMr,0.0,1,0 days 00:00:00.000000000,0.0,,,0,0,0
240,1413265772_/Fkg2I0EEphCuIMP,2.0,1,0 days 00:00:02.000000000,0.0,,,0,0,0
241,1413266778_WAXZW/C/D6cV4CTm,467.0,1,0 days 00:07:47.000000000,1.0,0.0,0.0,0,0,1
242,1413355706_/DVd8wPLPZB+/iOl,0.0,1,0 days 00:00:00.000000000,0.0,,,0,0,0
243,1413605307_6AmHcjwFDO5BP0as,47.0,1,0 days 00:00:47.000000000,0.0,,,0,0,0
244,1413753874_rNVV7I6ji3TXK1s6,638.0,2,0 days 00:05:19.000000000,0.0,,,0,0,0
245,1413774479_N6Lti/IZOuyiTGCc,0.0,1,0 days 00:00:00.000000000,0.0,,,0,0,0
246,1413841145_5l/FCwmAOas5pzNW,3.0,1,0 days 00:00:03.000000000,0.0,,,0,0,0
247,1413923895_VWYdIGp0BcioVPKp,0.0,1,0 days 00:00:00.000000000,0.0,,,0,0,0
248,1413956413_BKF4nCuLWplBmqJV,0.0,1,0 days 00:00:00.000000000,0.0,,,0,0,0
249,1413958442_SK23vyS4pu8Bm0hb,0.0,1,0 days 00:00:00.000000000,0.0,,,0,0,0
250,1413966713_/kCr4rOPtkq0kVWS,367.0,1,0 days 00:06:07.000000000,1.0,0.0,0.0,0,0,1
251,1414042152_U5n+VhhBGSfOyYXb,0.0,1,0 days 00:00:00.000000000,0.0,,,0,0,0
252,1414268164_HIE9/WDeceJSBcy5,0.0,1,0 days 00:00:00.000000000,0.0,,,0,0,0
253,1414271365_EuFmeZ+vsDuryP8F,4331.0,6,0 days 00:12:01.833333333,0.666666666667,0.0,0.0,0,0,1
254,1414300047_GlCJ4xwXGtvzcdIe,4.0,1,0 days 00:00:04.000000000,0.0,,,0,0,0
255,1414302515_mFw06yhUPxIGuAOl,6.0,1,0 days 00:00:06.000000000,0.0,,,0,0,0
256,1414379367_zXXzX8T5TJIg/puV,0.0,1,0 days 00:00:00.000000000,0.0,,,0,0,0
257,1414394968_Z0nbfSLmQZ3d2OgW,0.0,1,0 days 00:00:00.000000000,1.0,0.0,0.0,0,0,1
258,1414397268_mC2ZbvZ88V7cU7Q+,2297.0,1,0 days 00:38:17.000000000,1.0,0.0,0.0,0,0,1
259,1414462415_WNDSVDzy238lC1+O,136.0,4,0 days 00:00:34.000000000,0.25,0.0,0.0,0,0,1
260,1414464546_ffxuPV9uBDHxpM08,0.0,1,0 days 00:00:00.000000000,0.0,,,0,0,0
261,1414464936_gVq2+fwinjUW4RSK,1272.0,1,0 days 00:21:12.000000000,1.0,0.0,0.0,0,0,1
262,1414490388_oqMBJ4N9QkI5lGZq,0.0,1,0 days 00:00:00.000000000,0.0,,,0,0,0
263,1414503114_vEKMuQCi/uGiEn/S,0.0,1,0 days 00:00:00.000000000,1.0,0.0,0.0,0,0,1
264,1414522351_o+BPbScdNFAyAGPV,42.0,1,0 days 00:00:42.000000000,0.0,,,0,0,0
265,1414544610_xOs75SHpVgucbw+Z,300.0,5,0 days 00:01:00.000000000,0.4,0.0,0.0,0,0,1
266,1414584987_GS11jS6Djc1c1Ku6,0.0,1,0 days 00:00:00.000000000,0.0,,,0,0,0
267,1414622636_QR5ipbXOLBFZkqtv,32.0,1,0 days 00:00:32.000000000,0.0,,,0,0,0
268,1414809589_kSVI33i6Hf47SE3k,88.0,1,0 days 00:01:28.000000000,0.0,,,0,0,0
269,1414963921_kJAQSNMbexqmcv46,154.0,1,0 days 00:02:34.000000000,0.0,,,0,0,0
270,1414998492_7C8qD/Zr/SbWEyMP,55.0,1,0 days 00:00:55.000000000,0.0,,,0,0,0
271,1415039430_VAXj/FTpVGJpppLq,0.0,1,0 days 00:00:00.000000000,0.0,,,0,0,0
272,1415055448_eJ28lrKm7KlRrvTu,11.0,1,0 days 00:00:11.000000000,0.0,,,0,0,0
273,1415062270_KePOawdKYtctNfkM,592.0,1,0 days 00:09:52.000000000,1.0,0.0,0.0,0,0,1
274,1415096758_+Qd/G4icdUvOyirF,1119.0,1,0 days 00:18:39.000000000,0.0,,,0,0,0
275,1415148684_lzq+1GkuvhhJz/t1,129.0,1,0 days 00:02:09.000000000,0.0,,,0,0,0
276,1415163871_fd1UUEV+u+Y9Neoq,0.0,1,0 days 00:00:00.000000000,0.0,,,0,0,0
277,1415225024_hjG2D37Z7M9BsqkE,0.0,1,0 days 00:00:00.000000000,0.0,,,0,0,0
278,1415251197_ujWbxNgkh/VYi58o,125.0,1,0 days 00:02:05.000000000,1.0,0.0,0.0,0,0,1
279,1415258041_aMS+JjGUYh8CN9XI,6449.0,3,0 days 00:35:49.666666666,0.666666666667,0.0,0.0,0,0,1
280,1415263991_YHLQ1DiZxW1pkNia,0.0,1,0 days 00:00:00.000000000,1.0,0.0,0.0,0,0,1
281,1415319276_U83ucrGHTKbki/tC,536.0,3,0 days 00:02:58.666666666,0.0,,,0,0,0
282,1415425688_w1gEjWjoWHgUBa2b,0.0,1,0 days 00:00:00.000000000,1.0,0.0,0.0,0,0,1
283,1415572205_XkP07FWPxaRsp5db,17.0,1,0 days 00:00:17.000000000,0.0,,,0,0,0
284,1415575350_fQYdUB/it4JE4S+O,166.0,2,0 days 00:01:23.000000000,0.0,,,0,0,0
285,1415750432_O/s8UV+uex+NgdYk,7.0,1,0 days 00:00:07.000000000,1.0,0.0,0.0,0,0,1
286,1415818190_kx8/gtAUUPwegSXX,0.0,1,0 days 00:00:00.000000000,0.0,,,0,0,0
287,1415824474_AoMminOhJ7AOyGLI,0.0,1,0 days 00:00:00.000000000,0.0,,,0,0,0
288,1415827151_YSU6+Gsn6vNjFxnP,0.0,1,0 days 00:00:00.000000000,0.0,,,0,0,0
289,1415827864_gL12jFMypcoNr6Ec,0.0,1,0 days 00:00:00.000000000,0.0,,,0,0,0
290,1415837274_WkeIozkmlW0DNBA/,0.0,1,0 days 00:00:00.000000000,0.0,,,0,0,0
291,1415873461_jZyMtPA4S7bIrNCo,5.0,1,0 days 00:00:05.000000000,0.0,,,0,0,0
292,1415888097_nt/rciMeQVTpSOnB,0.0,1,0 days 00:00:00.000000000,0.0,,,0,0,0
293,1415892746_npDqjgX4JmgVSoIM,0.0,1,0 days 00:00:00.000000000,0.0,,,0,0,0
294,1415961669_8BoX8HhL0Mfttlgx,5474.0,3,0 days 00:30:24.666666666,1.0,0.0,0.0,0,0,1
295,1415975434_kvaUqgJJgb5WiHcV,0.0,1,0 days 00:00:00.000000000,0.0,,,0,0,0
296,1415981440_aj163+O2ImcmiWg0,0.0,1,0 days 00:00:00.000000000,0.0,,,0,0,0
297,1415994073_MIDQX9fDFofBf3kV,0.0,1,0 days 00:00:00.000000000,0.0,,,0,0,0
298,1416002624_BE7HtoR3s8j91GUi,0.0,1,0 days 00:00:00.000000000,0.0,,,0,0,0
299,1416012256_dB6ft6mhjVRXX48c,0.0,1,0 days 00:00:00.000000000,0.0,,,0,0,0
300,1416016184_Z/cnbyWJhC2AdmUn,2377.0,2,0 days 00:19:48.500000000,0.0,,,0,0,0
301,1416020270_zLTVjLroJHrdsqQE,0.0,1,0 days 00:00:00.000000000,0.0,,,0,0,0
302,1416024700_RnTInKCjB+Hs9veZ,0.0,1,0 days 00:00:00.000000000,0.0,,,0,0,0
303,1416025346_LWI9gzYJ4n3/KOx0,0.0,1,0 days 00:00:00.000000000,0.0,,,0,0,0
304,1416028090_f3Gu2rGkD5nUnGS+,0.0,1,0 days 00:00:00.000000000,0.0,,,0,0,0
305,1416031461_sglxYBnHXoRWTcz9,141.0,2,0 days 00:01:10.500000000,0.0,,,0,0,0
306,1416031687_pgWXSekUCn9mqRzr,301.0,3,0 days 00:01:40.333333333,0.666666666667,0.0,0.0,0,0,1
307,1416046414_0uWvARecx9tYl1d0,0.0,1,0 days 00:00:00.000000000,0.0,,,0,0,0
308,1416048308_sY9dWMYY82xUR1uG,0.0,1,0 days 00:00:00.000000000,0.0,,,0,0,0
309,1416103955_C/Z2dB5ibRRCiEEY,74.0,1,0 days 00:01:14.000000000,0.0,,,0,0,0
310,1416127231_hbvmLM1YN/M6yLmV,0.0,1,0 days 00:00:00.000000000,0.0,,,0,0,0
311,1416205017_lnx395QlX8ZmHkrA,0.0,1,0 days 00:00:00.000000000,0.0,,,0,0,0
312,1416288501_4p40wi+uOa36BTH4,0.0,1,0 days 00:00:00.000000000,0.0,,,0,0,0
313,1416348220_Gd68oC+y16pVYXdb,0.0,1,0 days 00:00:00.000000000,0.0,,,0,0,0
314,1416383114_N++XkKY4d+xY70zt,72.0,1,0 days 00:01:12.000000000,1.0,0.0,0.0,0,0,1
315,1416483064_mMfL62KW1eMRWCiQ,0.0,1,0 days 00:00:00.000000000,0.0,,,0,0,0
316,1416527548_/IQcQTbAlL7WlOlK,0.0,1,0 days 00:00:00.000000000,0.0,,,0,0,0
317,1416536767_uaIK/5PhbDf6ZlMf,13.0,3,0 days 00:00:04.333333333,0.0,,,0,0,0
318,1416554177_CB3yAy7FpuKF29UC,354.0,1,0 days 00:05:54.000000000,1.0,0.0,0.0,0,0,1
319,1416606563_VuFNIG47he7WSfeI,0.0,1,0 days 00:00:00.000000000,0.0,,,0,0,0
320,1416609935_eQa7Xe5mi6oLXH/T,0.0,1,0 days 00:00:00.000000000,0.0,,,0,0,0
321,1416710158_CBGObIlh/9KMtown,691.0,2,0 days 00:05:45.500000000,0.5,0.0,0.0,0,0,1
322,1416798301_Vuj2IMlxAogTxCHF,4.0,3,0 days 00:00:01.333333333,0.0,,,0,0,0
323,1416872360_Nk+UmHmnfb0c4xPX,0.0,1,0 days 00:00:00.000000000,0.0,,,0,0,0
324,1416965707_XcGKC4i/tBP3LEeP,0.0,1,0 days 00:00:00.000000000,0.0,,,0,0,0
325,1416984846_7OjAQ9Q/dKvzMf9V,6.0,1,0 days 00:00:06.000000000,0.0,,,0,0,0
326,1416996780_oRmjpw0G40hrXpMI,0.0,1,0 days 00:00:00.000000000,0.0,,,0,0,0
327,1417065433_PVzs8keSP3bNvy5Y,0.0,1,0 days 00:00:00.000000000,0.0,,,0,0,0
328,1417099918_huFv0VuToVr3owG6,2.0,1,0 days 00:00:02.000000000,0.0,,,0,0,0
329,1417143182_z7/bqTsM1P4lfXUQ,984.0,2,0 days 00:08:12.000000000,0.0,,,0,0,0
330,1417144017_n49EH6vfAlYrmMk/,0.0,1,0 days 00:00:00.000000000,0.0,,,0,0,0
331,1417167003_vRJIIhmE72O37/X3,0.0,1,0 days 00:00:00.000000000,0.0,,,0,0,0
332,1417242098_MwzbwRgtGUAB4Usc,0.0,1,0 days 00:00:00.000000000,0.0,,,0,0,0
333,1417343996_l+R93E9+yd2zf3EC,1528.0,1,0 days 00:25:28.000000000,0.0,,,0,0,0
334,1417386688_RQv/SmaFMdD1J2s+,253.0,1,0 days 00:04:13.000000000,0.0,,,0,0,0
335,1417393386_vrukmtc/H95W2ZVM,0.0,1,0 days 00:00:00.000000000,0.0,,,0,0,0
336,1417404606_o16X8utkmN5ybUpN,0.0,1,0 days 00:00:00.000000000,0.0,,,0,0,0
337,1417414663_B6XiFnugGNMWhkvn,1886.0,2,0 days 00:15:43.000000000,0.5,0.0,0.0,0,0,1
338,1417472158_4b5qiRWeAkOikyi7,60.0,4,0 days 00:00:15.000000000,0.0,,,0,0,0
339,1417509918_t+UNIm5Cae7CU6Dk,3.0,1,0 days 00:00:03.000000000,0.0,,,0,0,0
340,1417517747_PjXEXAoir2ezmMPL,3.0,1,0 days 00:00:03.000000000,0.0,,,0,0,0
341,1417588328_bigFbaM1amNcWIwD,1291.0,3,0 days 00:07:10.333333333,1.0,0.0,0.0,0,0,1
342,1417600279_zHk3DoSj7S6COcAq,0.0,1,0 days 00:00:00.000000000,1.0,0.0,0.0,0,0,1
343,1417665487_h/yGsvvU7YFr2Peq,661.0,1,0 days 00:11:01.000000000,1.0,0.0,0.0,0,0,1
344,1417670311_zz0awutBXg8pWMAX,554.0,1,0 days 00:09:14.000000000,1.0,0.0,0.0,0,0,1
345,1417672137_/dPOs6kJRH8q3vMK,0.0,1,0 days 00:00:00.000000000,0.0,,,0,0,0
346,1417674004_Sib6Myc82YaQM2mt,0.0,1,0 days 00:00:00.000000000,0.0,,,0,0,0
347,1417735617_QTN3aF+wiVk3s9dt,3.0,1,0 days 00:00:03.000000000,0.0,,,0,0,0
348,1417742408_LVPDiSQo0m7+GrnN,834.0,3,0 days 00:04:38.000000000,0.333333333333,0.0,0.0,0,0,1
349,1417749551_LyRDjDEKgTaQDIVI,370.0,1,0 days 00:06:10.000000000,0.0,,,0,0,0
350,1417757680_TyjecFkYsVJ5Oeam,2.0,1,0 days 00:00:02.000000000,0.0,,,0,0,0
351,1417837302_vliTEQYvDwTI4IvA,507.0,1,0 days 00:08:27.000000000,1.0,0.0,0.0,0,0,1
352,1417941477_EhLYAb39A9ibHNap,3.0,1,0 days 00:00:03.000000000,0.0,,,0,0,0
353,1418014852_8oUL1XT6gOtlz12Y,0.0,1,0 days 00:00:00.000000000,0.0,,,0,0,0
354,1418016672_W/AbP4hdCMrxUryF,4.0,1,0 days 00:00:04.000000000,0.0,,,0,0,0
355,1418036463_8dV8QsFBlxDVMbr7,9.0,2,0 days 00:00:04.500000000,0.0,,,0,0,0
356,1418042336_l+CWiw2uRy7sisI+,236.0,2,0 days 00:01:58.000000000,0.5,0.0,0.0,0,0,1
357,1418087955_gc9fJCqXCTF+EHsu,65.0,2,0 days 00:00:32.500000000,0.0,,,0,0,0
358,1418097106_Mku4rszki2tVhqQ8,716.0,4,0 days 00:02:59.000000000,1.0,0.0,0.0,0,0,1
359,1418110200_4FnilZlSRnw7SSq2,0.0,1,0 days 00:00:00.000000000,0.0,,,0,0,0
360,1418119043_fQoalnK1yw+q0CL5,232.0,1,0 days 00:03:52.000000000,0.0,,,0,0,0
361,1418183555_i7GTHGXQolJT3lzB,0.0,1,0 days 00:00:00.000000000,1.0,0.0,0.0,0,0,1
362,1418247085_ck+kZWn2cie2zspL,139.0,1,0 days 00:02:19.000000000,0.0,,,0,0,0
363,1418360345_Nrr4yvhtil0TdG95,1572.0,2,0 days 00:13:06.000000000,0.5,0.0,0.0,0,0,1
364,1418375728_CK+NPeRXCnz7cD+o,0.0,1,0 days 00:00:00.000000000,0.0,,,0,0,0
365,1418425519_807oQCvcQUnr1oYN,3.0,1,0 days 00:00:03.000000000,0.0,,,0,0,0
366,1418455326_A0Ruzg5CvzT4C1xx,86.0,1,0 days 00:01:26.000000000,0.0,,,0,0,0
367,1418502675_gwqftteO3hyNIdhR,34.0,1,0 days 00:00:34.000000000,0.0,,,0,0,0
368,1418503330_JfOBZ5rNAVlENgsA,0.0,1,0 days 00:00:00.000000000,0.0,,,0,0,0
369,1418613274_wWPKwuJFkCiGwugb,1320.0,2,0 days 00:11:00.000000000,0.5,0.0,0.0,0,0,1
370,1418713185_ZnEHyYKWYJH020ts,0.0,1,0 days 00:00:00.000000000,0.0,,,0,0,0
371,1418877546_fmcQA+svrEIdQkZa,169.0,1,0 days 00:02:49.000000000,0.0,,,0,0,0
372,1418951543_MVHzTqLqL42NcAPe,0.0,1,0 days 00:00:00.000000000,0.0,,,0,0,0
373,1419066529_Gh0nXT6cjJG6Isu0,331.0,1,0 days 00:05:31.000000000,0.0,,,0,0,0
374,1419236565_W5fhbnOVi6XwPF1y,151.0,2,0 days 00:01:15.500000000,0.0,,,0,0,0
375,1419295102_pya3983vBkwertwQ,0.0,1,0 days 00:00:00.000000000,0.0,,,0,0,0
376,1419426651_D7eRqHvmWx8PJTOP,0.0,1,0 days 00:00:00.000000000,0.0,,,0,0,0
377,1419491670_V9dHjuLq2zF0Dmbe,0.0,1,0 days 00:00:00.000000000,0.0,,,0,0,0
378,1419722604_zJJV0O80BSLk7A/C,0.0,1,0 days 00:00:00.000000000,0.0,,,0,0,0
379,1419761223_XW9ayRES4vdBybJB,0.0,1,0 days 00:00:00.000000000,0.0,,,0,0,0
380,1419800696_9HMAQ4uPe3Bc5r8G,1612.0,2,0 days 00:13:26.000000000,0.5,0.0,0.0,0,0,1
381,1419839758_bXOt1WvFXS4GJ6Es,0.0,1,0 days 00:00:00.000000000,0.0,,,0,0,0
382,1419911500_hmh7oB+Q4gzojCFC,0.0,1,0 days 00:00:00.000000000,0.0,,,0,0,0
383,1420073080_YvmkC8acA2efd2CQ,5.0,1,0 days 00:00:05.000000000,0.0,,,0,0,0
384,1420077592_dztfJaaMcGQ3BDcA,0.0,1,0 days 00:00:00.000000000,0.0,,,0,0,0
385,1420354184_sbRKg7yhCq8Yymok,0.0,1,0 days 00:00:00.000000000,0.0,,,0,0,0
386,1420380760_woYpC7mfNCVxrNOO,0.0,1,0 days 00:00:00.000000000,0.0,,,0,0,0
387,1420421079_StGg2vRiCB5ewV7O,107.0,1,0 days 00:01:47.000000000,1.0,0.0,0.0,0,0,1
388,1420436552_rNrloyANYq85e+5l,6.0,1,0 days 00:00:06.000000000,0.0,,,0,0,0
389,1420714561_e6BoLNOzvLztW+O9,376.0,4,0 days 00:01:34.000000000,0.0,,,0,0,0
390,1420775983_X7gpjOjxGJsgdGl7,0.0,1,0 days 00:00:00.000000000,0.0,,,0,0,0
391,1420959346_8RbNplC6ua8Gh37I,77.0,1,0 days 00:01:17.000000000,0.0,,,0,0,0
392,1420983017_o1Zcx/gSikEPBLT3,912.0,5,0 days 00:03:02.400000000,0.0,,,0,0,0
393,1421206087_SOKRe3s2fFTCx0WC,0.0,1,0 days 00:00:00.000000000,0.0,,,0,0,0
394,1421210347_P3GXNMNkhRBENVzg,349.0,1,0 days 00:05:49.000000000,1.0,0.0,0.0,0,0,1
395,1421231940_cdoTcJSefGj/N1Zv,231.0,1,0 days 00:03:51.000000000,1.0,0.0,0.0,0,0,1
396,1421287925_e3U2dEKG9ZXmfH6s,346.0,1,0 days 00:05:46.000000000,0.0,,,0,0,0
397,1421296371_DT/ZL4uSyx4TZBwR,51.0,1,0 days 00:00:51.000000000,1.0,0.0,0.0,0,0,1
398,1421310164_EAXtCZxqjH7v0zzY,1417.0,3,0 days 00:07:52.333333333,1.0,0.0,0.0,0,0,1
399,1421511843_ovtnGtfulVnMqMws,5.0,1,0 days 00:00:05.000000000,0.0,,,0,0,0
400,1421573452_taNpMSEe94euSzHE,0.0,1,0 days 00:00:00.000000000,0.0,,,0,0,0
401,1421644500_BVnpM/gvc7aly10p,0.0,1,0 days 00:00:00.000000000,0.0,,,0,0,0
402,1421648049_6CCj//ye0aDkUoT8,788.0,1,0 days 00:13:08.000000000,0.0,,,0,0,0
403,1421703857_k3GXu7529o+hBYcR,166.0,3,0 days 00:00:55.333333333,1.0,0.0,0.0,0,0,1
404,1421807250_mMQuAEhi+G3stnwa,68.0,1,0 days 00:01:08.000000000,1.0,0.0,0.0,0,0,1
405,1421836283_bX0YtGdM7/LJDsW+,0.0,1,0 days 00:00:00.000000000,0.0,,,0,0,0
406,1421897955_nCIIoL+4epvNb8PW,417.0,2,0 days 00:03:28.500000000,0.0,,,0,0,0
407,1421903295_jh2dIQLbIPfiOQjy,0.0,1,0 days 00:00:00.000000000,0.0,,,0,0,0
408,1421980431_uQZyLFOe79HQNCS/,2941.0,2,0 days 00:24:30.500000000,1.0,0.0,0.0,0,0,1
409,1421986801_vxQtgpECf7VdfYMH,119.0,1,0 days 00:01:59.000000000,0.0,,,0,0,0
410,1422176839_yuM1A31Rd70DMC1f,237.0,2,0 days 00:01:58.500000000,0.5,0.0,0.0,0,0,1
411,1422233420_/RU+n0Ki+F6P+zPg,0.0,1,0 days 00:00:00.000000000,0.0,,,0,0,0
412,1422261607_40VOTczQTd1lOIdn,0.0,1,0 days 00:00:00.000000000,0.0,,,0,0,0
413,1422316594_drKvmgsj9eJCYPX0,775.0,1,0 days 00:12:55.000000000,1.0,0.0,0.0,0,0,1
414,1422364159_rIwByMVtWiVoSaCC,3.0,1,0 days 00:00:03.000000000,0.0,,,0,0,0
415,1422395291_UWPwiTrLuogZg3RC,0.0,1,0 days 00:00:00.000000000,0.0,,,0,0,0
416,1422497072_qKoD8z7wncIjHfkG,2769.0,4,0 days 00:11:32.250000000,0.5,0.0,0.0,0,0,1
417,1422603466_oiLKLIJEp8sYsgsu,0.0,1,0 days 00:00:00.000000000,0.0,,,0,0,0
418,1422699165_8fmXMiF0OTKL1d92,97.0,1,0 days 00:01:37.000000000,0.0,,,0,0,0
419,1422706315_wHx7Xa18DPp/af+t,191.0,1,0 days 00:03:11.000000000,1.0,0.0,0.0,0,0,1
420,1422833833_oSUX2yLKmuTn+uw5,13.0,1,0 days 00:00:13.000000000,0.0,,,0,0,0
421,1422858503_n2o9u4qaSkEoC6fl,433.0,2,0 days 00:03:36.500000000,1.0,0.0,0.0,0,0,1
422,1422864366_L4O7Pu62aY6KvEdx,0.0,1,0 days 00:00:00.000000000,0.0,,,0,0,0
423,1422874411_BGOnm/J1pwH/o4TI,1766.0,2,0 days 00:14:43.000000000,0.5,0.0,0.0,0,0,1
424,1422929659_GjsZXJSKtAAksnGd,867.0,3,0 days 00:04:49.000000000,1.0,0.0,0.0,0,0,1
425,1423000136_QEpynk40vlyS2yav,2290.0,2,0 days 00:19:05.000000000,0.0,,,0,0,0
426,1423029652_usAUvI55yNPDLaKZ,2.0,1,0 days 00:00:02.000000000,0.0,,,0,0,0
427,1423267126_8gbA5IeG/AU089qV,0.0,1,0 days 00:00:00.000000000,0.0,,,0,0,0
428,1423294899_28JK/g7RYSdCSJdk,58.0,1,0 days 00:00:58.000000000,0.0,,,0,0,0
429,1423440486_g1sooTNYp73/eLux,95.0,1,0 days 00:01:35.000000000,1.0,0.0,0.0,0,0,1
430,1423447472_OR6jSYzhffgRT4lm,0.0,1,0 days 00:00:00.000000000,0.0,,,0,0,0
431,1423614332_6ScAOncVvkYwCVqp,0.0,1,0 days 00:00:00.000000000,0.0,,,0,0,0
432,1423633951_1d1lw0bq62l5m+Jt,351.0,1,0 days 00:05:51.000000000,1.0,0.0,0.0,0,0,1
433,1423686274_V+5a4T0vxMl9cluE,75.0,3,0 days 00:00:25.000000000,0.0,,,0,0,0
434,1423701475_YDwG7uzr1AQxt7Dl,0.0,1,0 days 00:00:00.000000000,0.0,,,0,0,0
435,1423714880_ikzQsY2LxJYa+Ocw,788.0,1,0 days 00:13:08.000000000,0.0,,,0,0,0
436,1423947322_ObXIPvK3GM5dO+MD,107.0,1,0 days 00:01:47.000000000,1.0,0.0,0.0,0,0,1
437,1424000545_p7EhSzp7rtbrnst4,0.0,1,0 days 00:00:00.000000000,0.0,,,0,0,0
438,1424011935_TRf2iO+apdIULry3,23.0,1,0 days 00:00:23.000000000,0.0,,,0,0,0
439,1424060344_43kTJ3VixJL97x9Q,0.0,1,0 days 00:00:00.000000000,0.0,,,0,0,0
440,1424084962_kAsR5wvlJl7M+8Op,196.0,1,0 days 00:03:16.000000000,1.0,0.0,0.0,0,0,1
441,1424162521_m/xeJULQSjkxEtGY,0.0,1,0 days 00:00:00.000000000,0.0,,,0,0,0
442,1424162794_IH2qxha+X7f+znYc,297.0,1,0 days 00:04:57.000000000,1.0,0.0,0.0,0,0,1
443,1424218671_/EZc3N44lSqdi+rk,137.0,1,0 days 00:02:17.000000000,1.0,0.0,0.0,0,0,1
444,1424224282_x33lo0ReFYmkTjTV,112.0,1,0 days 00:01:52.000000000,0.0,,,0,0,0
445,1424413316_RZZtp9S0uL3s4vsF,809.0,1,0 days 00:13:29.000000000,1.0,0.0,0.0,0,0,1
446,1424681484_gtFL4X+IrtX4ZUt3,217.0,2,0 days 00:01:48.500000000,1.0,0.0,0.0,0,0,1
447,1424684038_G9B5lkTarmSu3fWC,0.0,1,0 days 00:00:00.000000000,0.0,,,0,0,0
448,1424684109_+ZylkA1GCmt7cuib,333.0,3,0 days 00:01:51.000000000,0.333333333333,0.0,0.0,0,0,1
449,1424739387_z2UZ3PhkwQskuGZ7,112.0,2,0 days 00:00:56.000000000,0.0,,,0,0,0
450,1424927529_EU+Pm2xojVE2iWDI,484.0,2,0 days 00:04:02.000000000,1.0,0.0,0.0,0,0,1
451,1425069105_ghw66+AVGlSdRVIn,12.0,1,0 days 00:00:12.000000000,0.0,,,0,0,0
452,1425082699_/YMHEWK/AWprg9ig,925.0,2,0 days 00:07:42.500000000,0.0,,,0,0,0
453,1425252514_xaga6imKmPNU7MXS,0.0,1,0 days 00:00:00.000000000,0.0,,,0,0,0
454,1425263163_p9nLJMUgxSyYYDDg,1291.0,1,0 days 00:21:31.000000000,0.0,,,0,0,0
455,1425273143_Xudh7dpaC01/b0rE,3434.0,5,0 days 00:11:26.800000000,0.6,0.0,0.0,0,0,1
456,1425377199_zdHO8gesMGRPFptv,2086.0,2,0 days 00:17:23.000000000,0.5,0.0,0.0,0,0,1
457,1425378106_7qfn11LqGcj5TDdc,0.0,2,0 days 00:00:00.000000000,0.0,,,0,0,0
458,1425506684_jJ1qalRQ5sg3kTaZ,69.0,1,0 days 00:01:09.000000000,1.0,0.0,0.0,0,0,1
459,1425534019_ucNctv/FdDzTXUHc,0.0,1,0 days 00:00:00.000000000,0.0,,,0,0,0
460,1425550582_Lp7SfrZhzMNVVCd9,1068.0,4,0 days 00:04:27.000000000,0.75,0.0,0.0,0,0,1
461,1425582491_lRZ8er7fUmvrhGHK,27.0,4,0 days 00:00:06.750000000,0.0,,,0,0,0
462,1425618299_D9YiKYnEnsto8AvV,0.0,1,0 days 00:00:00.000000000,0.0,,,0,0,0
463,1425639672_CIBoKlDaL+i3wdRu,531.0,1,0 days 00:08:51.000000000,1.0,0.0,0.0,0,0,1
464,1425799587_ubAkk5Vyncd8jeng,1982.0,2,0 days 00:16:31.000000000,1.0,0.0,0.0,0,0,1
465,1425893510_FaREAHxzJDguPYA2,939.0,1,0 days 00:15:39.000000000,1.0,0.0,0.0,0,0,1
466,1425986033_qkB1DOu7ZFU8/Ab6,0.0,1,0 days 00:00:00.000000000,0.0,,,0,0,0
467,1425988176_ARMFPQmZtCWetwLP,43.0,1,0 days 00:00:43.000000000,1.0,0.0,0.0,0,0,1
468,1426136804_oR2BT822NOx5+qtd,0.0,1,0 days 00:00:00.000000000,0.0,,,0,0,0
469,1426289340_jkGIrxGtxo71uFgi,201.0,1,0 days 00:03:21.000000000,1.0,0.0,0.0,0,0,1
470,1426327704_anWbMQIDcgu/rsJO,1556.0,2,0 days 00:12:58.000000000,1.0,0.0,0.0,0,0,1
471,1426404102_cCpnOOUJ7hk5ooYD,1851.0,1,0 days 00:30:51.000000000,1.0,0.0,0.0,0,0,1
472,1426414553_sUVgbDGJppewkrDp,626.0,1,0 days 00:10:26.000000000,0.0,,,0,0,0
473,1426414893_JhiyVGYYz6w29pv0,759.0,1,0 days 00:12:39.000000000,1.0,0.0,0.0,0,0,1
474,1426418038_S/eQF7jdzvxzU3uD,4.0,1,0 days 00:00:04.000000000,0.0,,,0,0,0
475,1426452239_NOwNsqxRhSweisnK,0.0,1,0 days 00:00:00.000000000,0.0,,,0,0,0
476,1426463923_kbAccCGxhLE+qywh,2.0,1,0 days 00:00:02.000000000,0.0,,,0,0,0
477,1426489240_/Sh3oTTtF+oyvkxf,0.0,1,0 days 00:00:00.000000000,0.0,,,0,0,0
478,1426631713_eaL6Fqrf9VPl3zrH,532.0,1,0 days 00:08:52.000000000,1.0,0.0,0.0,0,0,1
479,1426664426_KVT1N/5xQf8IiWFx,147.0,1,0 days 00:02:27.000000000,1.0,0.0,0.0,0,0,1
480,1426720671_MwQpJzgcDupiOtuM,3.0,1,0 days 00:00:03.000000000,0.0,,,0,0,0
481,1426744790_dA4McSEjOQeClUIM,0.0,1,0 days 00:00:00.000000000,0.0,,,0,0,0
482,1426790522_chScabMkdcRpcRiw,829.0,3,0 days 00:04:36.333333333,0.333333333333,0.0,0.0,0,0,1
483,1426916238_Nmg9rSAjRgUdBjBs,68.0,1,0 days 00:01:08.000000000,1.0,0.0,0.0,0,0,1
484,1427010708_5cqXp6Ex5f633DKk,0.0,1,0 days 00:00:00.000000000,0.0,,,0,0,0
485,1427243972_BQB9wMG04gDE+KpM,84.0,2,0 days 00:00:42.000000000,0.0,,,0,0,0
486,1427252455_7OH8NFXN4huWRhqA,0.0,1,0 days 00:00:00.000000000,0.0,,,0,0,0
487,1427281964_Pw9WnMq9+slaoUCj,0.0,1,0 days 00:00:00.000000000,1.0,0.0,0.0,0,0,1
488,1427349744_MZlYF+CnplZgTHBn,0.0,1,0 days 00:00:00.000000000,0.0,,,0,0,0
489,1427366247_9t4zhgd0WEFNo0P6,94.0,1,0 days 00:01:34.000000000,0.0,,,0,0,0
490,1427375125_/hZBDvelNVHQMAGm,0.0,1,0 days 00:00:00.000000000,0.0,,,0,0,0
491,1427570619_LtadgYxgjsbWwsx3,0.0,1,0 days 00:00:00.000000000,0.0,,,0,0,0
492,1427671777_RVX2jrSTz6M55OQX,522.0,2,0 days 00:04:21.000000000,0.5,0.0,0.0,0,0,1
493,1427719716_X/qRvBQt3jLQsgw8,108.0,1,0 days 00:01:48.000000000,1.0,0.0,0.0,0,0,1
494,1427762547_TcPQ1PXwE87zfNS7,1888.0,2,0 days 00:15:44.000000000,0.5,0.0,0.0,0,0,1
495,1427799244_Sro2ls0c2SdF6KjC,0.0,1,0 days 00:00:00.000000000,0.0,,,0,0,0
496,18780911-1eda-476b-b2fb-d7043903917f,1593.0,3,0 days 00:08:51.000000000,0.0,,,0,0,0
497,18c9e4e3-a5a5-46ba-915a-b3fe6e95c475,717.0,5,0 days 00:02:23.400000000,0.2,1.0,0.0,0,1,1
498,191750a8-3886-4adf-9ebc-69f0ddf506b9,23406.0,22,0 days 00:17:43.909090909,0.590909090909,0.0,0.0,0,0,1
499,1a90a6a0-72ee-4b12-b9dd-bda519031808,1510.0,4,0 days 00:06:17.500000000,0.25,0.0,0.0,0,0,1
500,1d5c1295c38b6d32d61a28cd19aeca4a80e5f90d,273.0,2,0 days 00:02:16.500000000,1.0,0.0,0.0,0,0,1
501,214c6ba7-cbe4-419c-be56-fec01a46445e,5317.0,6,0 days 00:14:46.166666666,0.166666666667,1.0,1.0,1,1,1
502,233dfb90-1133-4b3a-91ef-0bf4d77a2c9d,5505.0,17,0 days 00:05:23.823529411,0.235294117647,0.0,0.0,0,0,1
503,2483cf83-375c-491e-bbae-eafd37173f71,3092.0,8,0 days 00:06:26.500000000,0.5,0.0,0.0,0,0,1
504,24b53796-206c-49a1-8d2a-7712e928f1bd,5888.0,3,0 days 00:32:42.666666666,0.333333333333,0.0,0.0,0,0,1
505,265a7e74-0679-42b3-a77f-5c134111e0f3,22983.0,22,0 days 00:17:24.681818181,0.409090909091,0.444444444444,0.111111111111,1,1,1
506,28b6792d-d489-427a-bd50-7f4e4f1e33cf,139406.0,111,0 days 00:20:55.909909909,0.306306306306,1.02941176471,0.0588235294118,1,1,1
507,2ec41206-3c49-4841-91c1-9f4deed80a89,2307.0,8,0 days 00:04:48.375000000,0.625,0.0,0.0,0,0,1
508,30539230-ba82-4355-81db-2e9115c48369,49264.0,69,0 days 00:11:53.971014492,0.275362318841,1.36842105263,0.315789473684,1,1,1
509,30df871b-61ff-40fb-9fd3-02f29fed521b,68495.0,127,0 days 00:08:59.330708661,0.0,inf,,0,1,0
510,30fae64a-38f5-4803-bad7-088825fe6a3b,10520.0,23,0 days 00:07:37.391304347,0.173913043478,1.25,0.0,0,1,1
511,31e77a58-041f-45ac-a5d8-cf2fad2ba79a,19606.0,21,0 days 00:15:33.619047619,0.47619047619,0.0,0.0,0,0,1
512,332fae3e-ebbb-4ccb-92c9-b4ef318e143b,82124.0,139,0 days 00:09:50.820143884,0.10071942446,1.64285714286,0.357142857143,1,1,1
513,3789f526-ddfa-4f48-8e25-23c3cc2631ff,80308.0,83,0 days 00:16:07.566265060,0.325301204819,0.777777777778,0.148148148148,1,1,1
514,39b7ba8d-8549-429d-b0cc-65e7f55b2142,48606.0,228,0 days 00:03:33.184210526,0.00438596491228,2.0,0.0,0,1,1
515,3c1d4e769e64d5290e48e4fd6902f0632f206d2f,4164.0,1,0 days 01:09:24.000000000,1.0,0.0,0.0,0,0,1
516,3c94d2c0-068d-4c45-92f2-6a9f54922e65,6569.0,11,0 days 00:09:57.181818181,0.818181818182,0.0,0.111111111111,1,0,1
517,3e722d62-71a1-44f2-bc93-abb6b50dddd7,71867.0,79,0 days 00:15:09.708860759,0.278481012658,0.272727272727,0.0909090909091,1,1,1
518,3eba359a-b0c7-427a-bf5a-b7a28ef2bc74,84876.0,113,0 days 00:12:31.115044247,0.0530973451327,4.0,0.0,0,1,1
519,41e1d01f-d896-42e7-8482-003fd8743011,9100.0,9,0 days 00:16:51.111111111,0.666666666667,0.333333333333,0.166666666667,1,1,1
520,42c51d16-5a13-4178-b628-31e6cf7a0481,25214.0,19,0 days 00:22:07.052631578,0.105263157895,3.0,0.5,1,1,1
521,445763e4-da37-4d10-83b3-85af2da1613f,906.0,1,0 days 00:15:06.000000000,1.0,0.0,0.0,0,0,1
522,45197d2c-13cb-4d2b-88ad-972ad272bb58,929.0,1,0 days 00:15:29.000000000,1.0,1.0,0.0,0,1,1
523,45e07d06-53a4-4256-add2-9c641f08d477,8456.0,23,0 days 00:06:07.652173913,0.217391304348,1.0,0.0,0,1,1
524,46aa748c-e887-4114-9e5a-43638ae91a3c,117.0,3,0 days 00:00:39.000000000,0.0,,,0,0,0
525,46cf3a9c-43d5-471c-ada4-4227f5c27384,127191.0,412,0 days 00:05:08.716019417,0.0145631067961,9.0,0.0,0,1,1
526,47adbdec-72b0-4482-9fc6-06d71c01d4b6,2304.0,14,0 days 00:02:44.571428571,0.214285714286,0.333333333333,0.0,0,1,1
527,4814d323-95f5-47be-a460-c0779052ac79,138965.0,108,0 days 00:21:26.712962962,0.194444444444,1.61904761905,0.285714285714,1,1,1
528,484681334fd4caee3333c425873a1ceba333b0de,4807.0,5,0 days 00:16:01.400000000,0.4,0.0,0.0,0,0,1
529,48936a43-2778-403f-968a-d27f36488476,81807.0,73,0 days 00:18:40.643835616,0.232876712329,0.941176470588,0.0,0,1,1
530,4c9aa89c-395e-4e62-8b1d-2ad7dbab658c,1790.0,1,0 days 00:29:50.000000000,1.0,0.0,0.0,0,0,1
531,4ddd5597-ca4e-41c2-a5a5-7da736cb9ec9,3408.0,11,0 days 00:05:09.818181818,0.272727272727,0.0,0.0,0,0,1
532,5394362b-4b9f-4c56-89be-2fb585140aef,4304.0,4,0 days 00:17:56.000000000,0.25,1.0,0.0,0,1,1
533,53aba509-c7b3-4dd7-bd75-c7c9a60512ff,5790.0,12,0 days 00:08:02.500000000,0.25,0.0,0.0,0,0,1
534,559bd2cb2fd4922a9c4fd1f8f80846798afdec59,5772.0,2,0 days 00:48:06.000000000,1.0,0.0,0.0,0,0,1
535,56463d31-5ebd-4784-904e-69e5b23b9ec4,1030.0,3,0 days 00:05:43.333333333,0.0,,,0,0,0
536,567dea51-4d5b-45dd-9f51-4ecf2b523d0a,3644.0,7,0 days 00:08:40.571428571,0.428571428571,0.666666666667,0.333333333333,1,1,1
537,56c684c1-72b8-49d1-be9f-4b4537def6ac,12716.0,21,0 days 00:10:05.523809523,0.428571428571,0.333333333333,0.0,0,1,1
538,599c5599-420f-4e87-a57a-5eee73d6995a,6470.0,7,0 days 00:15:24.285714285,0.0,inf,,0,1,0
539,5cee382a-8f95-44ac-8ff3-2744ecc02df6,3595.0,4,0 days 00:14:58.750000000,0.25,1.0,1.0,1,1,1
540,5d084af14e32f2ed1fac1e83fa775cfc894b3ecc,347.0,1,0 days 00:05:47.000000000,0.0,,,0,0,0
541,5fa7c25a-3853-409a-a352-3ce9778dc882,21939.0,12,0 days 00:30:28.250000000,0.166666666667,0.0,0.0,0,0,1
542,68cd8fe2-bd28-45ae-beb3-5b9597cac40a,55663.0,103,0 days 00:09:00.417475728,0.165048543689,1.23529411765,0.235294117647,1,1,1
543,6a499ae1-6d2a-4c58-9224-46beb6efa5b3,5897.0,9,0 days 00:10:55.222222222,0.0,inf,,0,1,0
544,6e493d08-69ff-4273-8b06-a6da94372736,21276.0,31,0 days 00:11:26.322580645,0.193548387097,0.0,0.0,0,0,1
545,6f072a1ddef4abfbb900e8ce570d1f778e71c8e1,731.0,2,0 days 00:06:05.500000000,0.0,,,0,0,0
546,6f3b94f4-3512-49ae-985c-55d791308eb7,3065.0,5,0 days 00:10:13.000000000,0.8,0.0,0.0,0,0,1
547,711654b1-c1d8-4b5e-a7a8-dd125faafa90,3355.0,5,0 days 00:11:11.000000000,0.2,0.0,0.0,0,0,1
548,7315ed68-f8d1-4675-b97c-519bf8cd54bf,87077.0,194,0 days 00:07:28.850515463,0.128865979381,0.72,0.24,1,1,1
549,738e7940-7b64-4dd5-ba34-f2619fd47aef,6468.0,18,0 days 00:05:59.333333333,0.444444444444,0.125,0.0,0,1,1
550,76f44b68-0cb9-41de-ac32-d933b5bd753e,132040.0,160,0 days 00:13:45.250000000,0.38125,0.803278688525,0.0983606557377,1,1,1
551,788f8a3f-969b-4d55-9b4b-9f88e682d24a,1141.0,7,0 days 00:02:43.000000000,0.142857142857,0.0,0.0,0,0,1
552,7d1077c9cf5172b1faf6f293586c3ef08f65170a,355.0,4,0 days 00:01:28.750000000,0.0,,,0,0,0
553,80fbbd53-1f90-4886-be44-562462d9ae6d,11746.0,40,0 days 00:04:53.650000000,0.25,0.0,0.0,0,0,1
554,819a642b-8a73-4267-b0e1-74d2dbd030d0,21.0,2,0 days 00:00:10.500000000,0.0,,,0,0,0
555,81c8f7a7-835a-4060-bbed-7a78d85dbd8d,69489.0,131,0 days 00:08:50.450381679,0.0229007633588,5.33333333333,0.0,0,1,1
556,873acdb5bccc92c8,768.0,1,0 days 00:12:48.000000000,0.0,,,0,0,0
557,878950c426a81a60022b2978db1dc9f73a27f019,1349.0,1,0 days 00:22:29.000000000,1.0,0.0,0.0,0,0,1
558,88479d1a-748f-4ba1-9596-4775e0dd4077,13010.0,3,0 days 01:12:16.666666666,0.333333333333,2.0,0.0,0,1,1
559,888311dd-7b0e-4e12-a684-5105aa338e03,3677.0,13,0 days 00:04:42.846153846,0.0769230769231,0.0,0.0,0,0,1
560,89d20ddd-7a40-493d-9c63-633160a13334,4987.0,10,0 days 00:08:18.700000000,0.5,0.0,0.0,0,0,1
561,8acfc07ea69d6dc3febc09f2ba0b77d0fcc64844,5343.0,8,0 days 00:11:07.875000000,0.625,0.0,0.0,0,0,1
562,8bcc70ec-7426-4341-8581-e3eb21ab21f1,64671.0,109,0 days 00:09:53.311926605,0.266055045872,0.310344827586,0.172413793103,1,1,1
563,8c65f804-7ab2-4ab9-bed2-f50c9f6c4c19,5182.0,5,0 days 00:17:16.400000000,0.6,0.666666666667,0.333333333333,1,1,1
564,8ce26bfc-7af1-4d4a-b731-3ff3e641ab38,28234.0,27,0 days 00:17:25.703703703,0.222222222222,0.333333333333,0.333333333333,1,1,1
565,919c81b1-de26-44d2-b385-22c08d9e19f3,1157.0,1,0 days 00:19:17.000000000,0.0,,,0,0,0
566,9241bf28-7a36-4f7a-a580-ac3c568e38ac,20292.0,40,0 days 00:08:27.300000000,0.25,0.6,0.1,1,1,1
567,9410bf15-a2a2-420d-85ab-e7230e542653,58771.0,197,0 days 00:04:58.329949238,0.0253807106599,9.6,0.0,0,1,1
568,9480a694-a8e9-4254-847b-74b23dcc4352,34276.0,29,0 days 00:19:41.931034482,0.51724137931,0.2,0.0,0,1,1
569,94f833f1-9ef3-4b33-aee6-3100770e69ee,30017.0,46,0 days 00:10:52.543478260,0.282608695652,0.615384615385,0.153846153846,1,1,1
570,962a9cf4-727e-4755-9923-bf3794421194,7339.0,10,0 days 00:12:13.900000000,0.9,0.0,0.0,0,0,1
571,98c352ee-12e0-4d43-99a3-97edd8dd4bb1,142469.0,431,0 days 00:05:30.554524361,0.00696055684455,13.0,0.0,0,1,1
572,9a22cc16-a727-4ec2-808f-51a0fddaa467,16523.0,14,0 days 00:19:40.214285714,0.428571428571,0.666666666667,0.333333333333,1,1,1
573,9adeb457-10b3-475f-93e0-8ec69dde50c7,16765.0,17,0 days 00:16:26.176470588,0.235294117647,1.25,0.25,1,1,1
574,9bbbe561-e64b-4677-a0b5-94c185e7fd05,16495.0,21,0 days 00:13:05.476190476,0.142857142857,2.33333333333,0.0,0,1,1
575,9cbe564a-1263-451e-bdab-1ed4967095ef,64027.0,169,0 days 00:06:18.857988165,0.0177514792899,15.6666666667,0.0,0,1,1
576,9cc1ab22-ffd4-4400-91b0-b8b7c2a8d16a,18601.0,17,0 days 00:18:14.176470588,0.352941176471,0.5,0.166666666667,1,1,1
577,9e01486a-f995-4710-933d-be6d26ebd301,2171.0,2,0 days 00:18:05.500000000,0.5,1.0,0.0,0,1,1
578,a03a4a69-b6ac-4a28-82a2-5b39b9e7ba84,10759.0,14,0 days 00:12:48.500000000,0.214285714286,0.333333333333,0.0,0,1,1
579,a09f3a05-ce6c-463a-966e-cbc7b4fd172e,69383.0,90,0 days 00:12:50.922222222,0.144444444444,1.0,0.230769230769,1,1,1
580,a0aa2dc2-c0c1-468c-8eb1-e5b40daa61d6,3291.0,3,0 days 00:18:17.000000000,0.666666666667,0.5,0.0,0,1,1
581,a0b33472-b4c8-4a2c-962f-19ddf48bbe6d,49019.0,55,0 days 00:14:51.254545454,0.4,0.318181818182,0.0,0,1,1
582,a111af2f-9f56-4f88-8c99-3d3bfafdb5ec,7664.0,7,0 days 00:18:14.857142857,0.571428571429,0.0,0.0,0,0,1
583,a49776d9-9382-4c86-9b59-e3513679fde8,12732.0,29,0 days 00:07:19.034482758,0.448275862069,0.846153846154,0.0769230769231,1,1,1
584,a5a87dd2-f39a-4fe4-875a-bf39f1e73ae0,3196.0,6,0 days 00:08:52.666666666,0.5,0.0,0.0,0,0,1
585,a5c3e0bb-fd74-437f-8e64-d09e4cfaff90,54849.0,61,0 days 00:14:59.163934426,0.180327868852,1.36363636364,0.545454545455,1,1,1
586,a65ba820-2fbb-4dd3-a121-f1ed45b5358c,16186.0,18,0 days 00:14:59.222222222,0.388888888889,0.714285714286,0.142857142857,1,1,1
587,aa5cc3f8-e8fe-4c61-aa42-25adadb19412,34707.0,99,0 days 00:05:50.575757575,0.0606060606061,2.5,0.0,0,1,1
588,ab250b9f-79d1-4dc0-af0c-74c6ba83c5ce,16079.0,16,0 days 00:16:44.937500000,0.4375,1.0,0.428571428571,1,1,1
589,ab509d56b1ebe1ed91066d6732738fc1ba4ddf5c,880.0,1,0 days 00:14:40.000000000,1.0,0.0,0.0,0,0,1
590,af9e9562c8712352ea6f99a368d5b69c7f0323d8,24.0,1,0 days 00:00:24.000000000,0.0,,,0,0,0
591,b03087b5-6b04-4e91-be49-5b254dd0e839,138270.0,340,0 days 00:06:46.676470588,0.0205882352941,18.2857142857,0.0,0,1,1
592,b101f654-50e3-41b9-bdad-2791d4624f15,102.0,2,0 days 00:00:51.000000000,0.0,,,0,0,0
593,b11f0520-d023-47ed-a38e-d409ea760f9d,14646.0,18,0 days 00:13:33.666666666,0.5,0.333333333333,0.333333333333,1,1,1
594,b28ba8ae-e6da-4f6d-907d-3414417ca8ea,34267.0,37,0 days 00:15:26.135135135,0.162162162162,1.16666666667,0.5,1,1,1
595,b60c9151-4828-48cc-877f-08141649e3bc,34477.0,32,0 days 00:17:57.406250000,0.375,0.583333333333,0.166666666667,1,1,1
596,b6168c4b-578e-4d39-a5b2-dc0d4e5fe1b6,38418.0,44,0 days 00:14:33.136363636,0.318181818182,0.357142857143,0.0714285714286,1,1,1
597,bd4faad7-2256-40f3-be70-a6a656f0165b,48402.0,86,0 days 00:09:22.813953488,0.43023255814,0.0810810810811,0.0540540540541,1,1,1
598,c3242be4-bcf9-47aa-babe-b1404f766126,4047.0,5,0 days 00:13:29.400000000,0.4,0.0,0.0,0,0,1
599,c66c548e-246a-4639-8109-aee227f35df5,15722.0,19,0 days 00:13:47.473684210,0.473684210526,0.777777777778,0.0,0,1,1
600,cab922be308e5bfd6eff5a9baedb5055709bdfcd,1669.0,2,0 days 00:13:54.500000000,0.0,,,0,0,0
601,cb9c6854-1353-47a0-839f-75f48e23d69c,16417.0,17,0 days 00:16:05.705882352,0.176470588235,1.66666666667,0.0,0,1,1
602,cd5485e9-de64-498a-bd8b-b264df348444,17518.0,6,0 days 00:48:39.666666666,0.0,,,0,0,0
603,cf49fd40-c7dc-4ca0-bd0d-b38636b6aeb8,4400.0,44,0 days 00:01:40.000000000,0.0,inf,,0,1,0
604,d11e73ea-1341-426d-bb69-4de77dc39c37,31277.0,38,0 days 00:13:43.078947368,0.0789473684211,1.33333333333,0.666666666667,1,1,1
605,d2de2042-446d-4624-bc0a-4eaa15223c2a,11.0,1,0 days 00:00:11.000000000,0.0,,,0,0,0
606,d43b50a1-a44b-4451-89e6-3a541bc0e9ba,7844.0,12,0 days 00:10:53.666666666,0.333333333333,0.0,0.0,0,0,1
607,d52bf4d0-0c77-4633-99a3-dc1d3b47ace3,69302.0,28,0 days 00:41:15.071428571,0.214285714286,2.0,0.0,0,1,1
608,d7521626-3477-441b-9018-35a5a273a9b7,7128.0,5,0 days 00:23:45.600000000,1.0,0.2,0.0,0,1,1
609,d89a5f71-c00a-481f-9786-4de736086f25,12537.0,26,0 days 00:08:02.192307692,0.192307692308,1.4,0.0,0,1,1
610,dadeed04-3b6f-40eb-8986-0dbbcbe7048c,7294.0,20,0 days 00:06:04.700000000,0.5,0.0,0.0,0,0,1
611,dc673096-7a2c-4b45-835e-c46dd52af69b,164.0,1,0 days 00:02:44.000000000,1.0,0.0,0.0,0,0,1
612,de41db39-b6ff-4c22-bddc-a28e5d4cd4c2,145383.0,213,0 days 00:11:22.549295774,0.0281690140845,11.8333333333,0.5,1,1,1
613,e001b3a4-f8ba-4237-8925-1c562eea170c,96715.0,92,0 days 00:17:31.250000000,0.25,0.826086956522,0.0869565217391,1,1,1
614,e0650cc9-ecdb-4188-a260-29e257495926,26993.0,59,0 days 00:07:37.508474576,0.322033898305,0.263157894737,0.105263157895,1,1,1
615,e38be539-8e32-4d4e-8310-e7d416a82eba,25361.0,98,0 days 00:04:18.785714285,0.244897959184,1.0,0.583333333333,1,1,1
616,e4edb1c6-e36d-4a37-9573-b93108dc0d2c,6662.0,11,0 days 00:10:05.636363636,0.727272727273,0.0,0.0,0,0,1
617,e6b3965a-9d7d-46d4-b8e9-6d9c258d71ad,17801.0,22,0 days 00:13:29.136363636,0.772727272727,0.0588235294118,0.0588235294118,1,1,1
618,e853a76b-56ee-4b6b-ab9f-8e0088c02da3,3651.0,2,0 days 00:30:25.500000000,0.5,0.0,0.0,0,0,1
619,ed1329a6-064d-47e9-93bc-93f5a50822df,88710.0,89,0 days 00:16:36.741573033,0.314606741573,1.0,0.535714285714,1,1,1
620,f05f550c-4475-4fba-906c-b3a410dd1c0b,1334.0,4,0 days 00:05:33.500000000,0.75,0.0,0.0,0,0,1
621,f383e3bf-ca96-4fc1-8dc1-c3f421d44073,42819.0,31,0 days 00:23:01.258064516,0.483870967742,0.533333333333,0.133333333333,1,1,1
622,f3be468b-184e-4251-8e11-4f0fbb71d333,6139.0,9,0 days 00:11:22.111111111,0.222222222222,0.0,0.0,0,0,1
623,f4be74b9-6504-4a13-a2a2-24994fd43b40,19683.0,35,0 days 00:09:22.371428571,0.142857142857,2.4,0.6,1,1,1
624,f4d2b9cd-69ed-4cfb-80e3-14f0187af284,2741.0,4,0 days 00:11:25.250000000,0.0,,,0,0,0
625,f61f7322-ec4a-43d9-be7e-b0633e71e2b4,29629.0,28,0 days 00:17:38.178571428,0.107142857143,4.0,0.666666666667,1,1,1
626,f70f0c27-6af3-4fb5-8bd7-f73240465fd5,1034458.0,702,0 days 00:24:33.586894586,0.011396011396,10.5,0.0,0,1,1
627,f991d3fa-5627-4a8e-beee-2f8efe1c1023,14554.0,10,0 days 00:24:15.400000000,0.6,0.166666666667,0.0,0,1,1
628,fbf1b17c-0be3-4abf-8116-c6f92d24c8f8,10666.0,12,0 days 00:14:48.833333333,0.666666666667,0.25,0.0,0,1,1
629,fd61c634-6876-4c76-81b3-6da2f86a92b8,101935.0,276,0 days 00:06:09.329710144,0.0434782608696,7.33333333333,0.0833333333333,1,1,1
